,PFE,,TSLA,,ENB,,SHOP,,SPY
5/2/2016,31.07,5/2/2016,48.36,5/2/2016,41.33,5/2/2016,31.41,5/2/2016,207.97
5/3/2016,31.93,5/3/2016,46.46,5/3/2016,40.42,5/3/2016,30.74,5/3/2016,206.16
5/4/2016,31.64,5/4/2016,44.51,5/4/2016,39.57,5/4/2016,29.61,5/4/2016,205.01
5/5/2016,31.8,5/5/2016,42.31,5/5/2016,39.1,5/5/2016,28.52,5/5/2016,204.97
5/6/2016,31.81,5/6/2016,42.99,5/6/2016,39.29,5/6/2016,27.72,5/6/2016,205.72
5/9/2016,32.04,5/9/2016,41.78,5/9/2016,38.52,5/9/2016,26.46,5/9/2016,205.89
5/10/2016,32.02,5/10/2016,41.74,5/10/2016,40,5/10/2016,26.63,5/10/2016,208.45
5/11/2016,31.41,5/11/2016,41.79,5/11/2016,39.81,5/11/2016,26.27,5/11/2016,206.5
5/12/2016,31.44,5/12/2016,41.46,5/12/2016,40.24,5/12/2016,26.95,5/12/2016,206.56
5/13/2016,31.44,5/13/2016,41.52,5/13/2016,39.96,5/13/2016,26.29,5/13/2016,204.76
5/16/2016,31.62,5/16/2016,41.66,5/16/2016,40.48,5/16/2016,26.16,5/16/2016,206.78
5/17/2016,31.29,5/17/2016,40.93,5/17/2016,40.88,5/17/2016,26.8,5/17/2016,204.85
5/18/2016,31.42,5/18/2016,42.23,5/18/2016,40.21,5/18/2016,26.34,5/18/2016,204.91
5/19/2016,31.62,5/19/2016,43.04,5/19/2016,39.74,5/19/2016,25.97,5/19/2016,204.2
5/20/2016,31.96,5/20/2016,44.06,5/20/2016,40.29,5/20/2016,26.1,5/20/2016,205.49
5/23/2016,31.9,5/23/2016,43.24,5/23/2016,39.87,5/23/2016,26.82,5/23/2016,205.21
5/24/2016,32.3,5/24/2016,43.58,5/24/2016,40.29,5/24/2016,27.06,5/24/2016,207.87
5/25/2016,32.54,5/25/2016,43.92,5/25/2016,40.91,5/25/2016,28.2,5/25/2016,209.28
5/26/2016,32.62,5/26/2016,45.02,5/26/2016,40.63,5/26/2016,27.76,5/26/2016,209.34
5/27/2016,32.79,5/27/2016,44.61,5/27/2016,40.46,5/27/2016,28.57,5/27/2016,210.24
5/31/2016,32.87,5/31/2016,44.65,5/31/2016,39.89,5/31/2016,29.29,5/31/2016,209.84
6/1/2016,32.92,6/1/2016,43.91,6/1/2016,40.15,6/1/2016,31.07,6/1/2016,210.27
6/2/2016,33.03,6/2/2016,43.79,6/2/2016,40.44,6/2/2016,29.84,6/2/2016,210.91
6/3/2016,32.86,6/3/2016,43.8,6/3/2016,41.05,6/3/2016,29.58,6/3/2016,210.28
6/6/2016,33.09,6/6/2016,44.14,6/6/2016,41.95,6/6/2016,30,6/6/2016,211.35
6/7/2016,33.01,6/7/2016,46.47,6/7/2016,42.7,6/7/2016,29.86,6/7/2016,211.68
6/8/2016,33.39,6/8/2016,47.1,6/8/2016,42.53,6/8/2016,30.09,6/8/2016,212.37
6/9/2016,33.45,6/9/2016,45.87,6/9/2016,42.43,6/9/2016,29.41,6/9/2016,212.08
6/10/2016,33.43,6/10/2016,43.76,6/10/2016,41.93,6/10/2016,28.28,6/10/2016,210.07
6/13/2016,32.91,6/13/2016,43.57,6/13/2016,42.3,6/13/2016,27.99,6/13/2016,208.45
6/14/2016,33.15,6/14/2016,42.99,6/14/2016,41.51,6/14/2016,29.05,6/14/2016,208.04
6/15/2016,32.96,6/15/2016,43.54,6/15/2016,41.23,6/15/2016,28.66,6/15/2016,207.75
6/16/2016,32.92,6/16/2016,43.59,6/16/2016,40.63,6/16/2016,28.37,6/16/2016,208.37
6/17/2016,32.42,6/17/2016,43.09,6/17/2016,41.12,6/17/2016,28.94,6/17/2016,206.52
6/20/2016,32.68,6/20/2016,43.94,6/20/2016,42.01,6/20/2016,29.77,6/20/2016,207.85
6/21/2016,32.92,6/21/2016,43.92,6/21/2016,42.33,6/21/2016,29.87,6/21/2016,208.44
6/22/2016,32.65,6/22/2016,39.33,6/22/2016,42.37,6/22/2016,29.81,6/22/2016,208.1
6/23/2016,32.77,6/23/2016,39.28,6/23/2016,43.04,6/23/2016,31.2,6/23/2016,210.81
6/24/2016,32.18,6/24/2016,38.63,6/24/2016,41.54,6/24/2016,29.07,6/24/2016,203.13
6/27/2016,32.02,6/27/2016,39.71,6/27/2016,41.07,6/27/2016,27.16,6/27/2016,199.6
6/28/2016,32.63,6/28/2016,40.36,6/28/2016,41.38,6/28/2016,28.54,6/28/2016,203.2
6/29/2016,33.17,6/29/2016,42.04,6/29/2016,42.08,6/29/2016,30.32,6/29/2016,206.66
6/30/2016,33.36,6/30/2016,42.46,6/30/2016,42.36,6/30/2016,30.76,6/30/2016,209.48
7/1/2016,33.7,7/1/2016,43.3,7/1/2016,43.39,7/1/2016,30.83,7/1/2016,209.92
7/5/2016,33.92,7/5/2016,42.8,7/5/2016,42.14,7/5/2016,30.61,7/5/2016,208.41
7/6/2016,33.97,7/6/2016,42.89,7/6/2016,42.18,7/6/2016,30.65,7/6/2016,209.66
7/7/2016,33.89,7/7/2016,43.19,7/7/2016,41.39,7/7/2016,30.37,7/7/2016,209.53
7/8/2016,34.22,7/8/2016,43.36,7/8/2016,41.32,7/8/2016,31,7/8/2016,212.65
7/11/2016,34.25,7/11/2016,44.96,7/11/2016,41.58,7/11/2016,31.85,7/11/2016,213.4
7/12/2016,34.33,7/12/2016,44.93,7/12/2016,42.52,7/12/2016,32.49,7/12/2016,214.95
7/13/2016,34.4,7/13/2016,44.51,7/13/2016,42.11,7/13/2016,31.99,7/13/2016,214.92
7/14/2016,34.98,7/14/2016,44.31,7/14/2016,41.79,7/14/2016,32.1,7/14/2016,216.12
7/15/2016,34.83,7/15/2016,44.08,7/15/2016,41.71,7/15/2016,32.32,7/15/2016,215.83
7/18/2016,34.71,7/18/2016,45.25,7/18/2016,41.96,7/18/2016,32.2,7/18/2016,216.41
7/19/2016,34.71,7/19/2016,45.05,7/19/2016,41.87,7/19/2016,33.26,7/19/2016,216.19
7/20/2016,34.75,7/20/2016,45.67,7/20/2016,41.03,7/20/2016,33.09,7/20/2016,217.09
7/21/2016,34.78,7/21/2016,44.1,7/21/2016,40.69,7/21/2016,32.73,7/21/2016,216.27
7/22/2016,34.81,7/22/2016,44.45,7/22/2016,40.17,7/22/2016,32.87,7/22/2016,217.24
7/25/2016,34.84,7/25/2016,46,7/25/2016,39.43,7/25/2016,32.6,7/25/2016,216.65
7/26/2016,34.89,7/26/2016,45.9,7/26/2016,39.29,7/26/2016,32.55,7/26/2016,216.75
7/27/2016,34.91,7/27/2016,45.7,7/27/2016,38.73,7/27/2016,33.21,7/27/2016,216.52
7/28/2016,34.74,7/28/2016,46.12,7/28/2016,39.09,7/28/2016,34.27,7/28/2016,216.77
7/29/2016,34.95,7/29/2016,46.96,7/29/2016,41.13,7/29/2016,34.27,7/29/2016,217.12
8/1/2016,35.35,8/1/2016,46,8/1/2016,40.01,8/1/2016,34.05,8/1/2016,216.94
8/2/2016,34.47,8/2/2016,45.44,8/2/2016,40.41,8/2/2016,33.53,8/2/2016,215.55
8/3/2016,33.43,8/3/2016,45.16,8/3/2016,40.56,8/3/2016,36.79,8/3/2016,216.18
8/4/2016,33.3,8/4/2016,46.12,8/4/2016,41.29,8/4/2016,36.85,8/4/2016,216.41
8/5/2016,33.57,8/5/2016,46.01,8/5/2016,41.31,8/5/2016,37.01,8/5/2016,218.18
8/8/2016,33.09,8/8/2016,45.23,8/8/2016,41.98,8/8/2016,38.31,8/8/2016,218.05
8/9/2016,33.23,8/9/2016,45.82,8/9/2016,41.68,8/9/2016,38.79,8/9/2016,218.18
8/10/2016,33.28,8/10/2016,45.13,8/10/2016,41.61,8/10/2016,39.29,8/10/2016,217.64
8/11/2016,33.3,8/11/2016,44.98,8/11/2016,41.93,8/11/2016,39.91,8/11/2016,218.65
8/12/2016,33.14,8/12/2016,45.12,8/12/2016,41.83,8/12/2016,39.38,8/12/2016,218.46
8/15/2016,33.26,8/15/2016,45.12,8/15/2016,41.78,8/15/2016,39.08,8/15/2016,219.09
8/16/2016,32.96,8/16/2016,44.72,8/16/2016,41.78,8/16/2016,38.37,8/16/2016,217.96
8/17/2016,33.29,8/17/2016,44.65,8/17/2016,41.54,8/17/2016,38.74,8/17/2016,218.37
8/18/2016,33.34,8/18/2016,44.7,8/18/2016,42.32,8/18/2016,40.25,8/18/2016,218.86
8/19/2016,33.14,8/19/2016,45,8/19/2016,41.62,8/19/2016,42.41,8/19/2016,218.54
8/22/2016,33.01,8/22/2016,44.59,8/22/2016,40.97,8/22/2016,42.47,8/22/2016,218.53
8/23/2016,33.24,8/23/2016,44.97,8/23/2016,41.52,8/23/2016,41.76,8/23/2016,218.97
8/24/2016,32.99,8/24/2016,44.52,8/24/2016,40.7,8/24/2016,40.94,8/24/2016,217.85
8/25/2016,32.94,8/25/2016,44.19,8/25/2016,40.02,8/25/2016,40.63,8/25/2016,217.7
8/26/2016,32.99,8/26/2016,44,8/26/2016,39.96,8/26/2016,41.52,8/26/2016,217.29
8/29/2016,33.26,8/29/2016,43.04,8/29/2016,39.6,8/29/2016,41.39,8/29/2016,218.36
8/30/2016,33.04,8/30/2016,42.27,8/30/2016,39.57,8/30/2016,41.29,8/30/2016,218
8/31/2016,32.97,8/31/2016,42.4,8/31/2016,39.49,8/31/2016,41.36,8/31/2016,217.38
9/1/2016,32.85,9/1/2016,40.15,9/1/2016,39.57,9/1/2016,40.67,9/1/2016,217.39
9/2/2016,32.94,9/2/2016,39.56,9/2/2016,40.99,9/2/2016,42.42,9/2/2016,218.37
9/6/2016,32.94,9/6/2016,40.57,9/6/2016,43.06,9/6/2016,43.19,9/6/2016,219.03
9/7/2016,33.01,9/7/2016,40.34,9/7/2016,43.72,9/7/2016,42.78,9/7/2016,219.01
9/8/2016,32.89,9/8/2016,39.47,9/8/2016,45.73,9/8/2016,43.21,9/8/2016,218.51
9/9/2016,32.3,9/9/2016,38.89,9/9/2016,44.53,9/9/2016,41.04,9/9/2016,213.28
9/12/2016,32.83,9/12/2016,39.66,9/12/2016,45.09,9/12/2016,41.63,9/12/2016,216.34
9/13/2016,32.25,9/13/2016,39.21,9/13/2016,43.24,9/13/2016,40.57,9/13/2016,213.23
9/14/2016,32.15,9/14/2016,39.28,9/14/2016,43.57,9/14/2016,40.9,9/14/2016,213.15
9/15/2016,32.34,9/15/2016,40.08,9/15/2016,43.92,9/15/2016,41.77,9/15/2016,215.28
9/16/2016,32.15,9/16/2016,41.08,9/16/2016,44.18,9/16/2016,41.49,9/16/2016,213.37
9/19/2016,31.88,9/19/2016,41.27,9/19/2016,43.96,9/19/2016,42.95,9/19/2016,213.41
9/20/2016,32.03,9/20/2016,40.93,9/20/2016,43.61,9/20/2016,42.46,9/20/2016,213.42
9/21/2016,32.47,9/21/2016,41.04,9/21/2016,44.19,9/21/2016,44.5,9/21/2016,215.82
9/22/2016,32.35,9/22/2016,41.29,9/22/2016,43.99,9/22/2016,43.86,9/22/2016,217.18
9/23/2016,32.46,9/23/2016,41.49,9/23/2016,43.7,9/23/2016,43.35,9/23/2016,215.99
9/26/2016,31.87,9/26/2016,41.8,9/26/2016,43.22,9/26/2016,43.2,9/26/2016,214.24
9/27/2016,32.05,9/27/2016,41.16,9/27/2016,43.11,9/27/2016,43.87,9/27/2016,215.57
9/28/2016,32.2,9/28/2016,41.25,9/28/2016,44.22,9/28/2016,42.75,9/28/2016,216.64
9/29/2016,31.57,9/29/2016,40.14,9/29/2016,43.84,9/29/2016,42.96,9/29/2016,214.68
9/30/2016,32.09,9/30/2016,40.81,9/30/2016,44.23,9/30/2016,42.92,9/30/2016,216.3
10/3/2016,31.91,10/3/2016,42.74,10/3/2016,44.02,10/3/2016,43.03,10/3/2016,215.78
10/4/2016,31.94,10/4/2016,42.28,10/4/2016,43.42,10/4/2016,43.41,10/4/2016,214.68
10/5/2016,32.11,10/5/2016,41.69,10/5/2016,43.26,10/5/2016,43.77,10/5/2016,215.63
10/6/2016,31.88,10/6/2016,40.2,10/6/2016,42.95,10/6/2016,43.68,10/6/2016,215.78
10/7/2016,31.79,10/7/2016,39.32,10/7/2016,42.98,10/7/2016,44.36,10/7/2016,215.04
10/10/2016,31.84,10/10/2016,40.19,10/10/2016,43.58,10/10/2016,43.73,10/10/2016,216.16
10/11/2016,31.39,10/11/2016,40.02,10/11/2016,43.29,10/11/2016,42.3,10/11/2016,213.43
10/12/2016,31.33,10/12/2016,40.3,10/12/2016,43.69,10/12/2016,42.39,10/12/2016,213.71
10/13/2016,31.03,10/13/2016,40.05,10/13/2016,44.07,10/13/2016,42.09,10/13/2016,213.01
10/14/2016,30.94,10/14/2016,39.3,10/14/2016,43.98,10/14/2016,42.82,10/14/2016,213.12
10/17/2016,30.79,10/17/2016,38.79,10/17/2016,44.01,10/17/2016,42.02,10/17/2016,212.38
10/18/2016,30.97,10/18/2016,39.82,10/18/2016,44.32,10/18/2016,42.48,10/18/2016,213.71
10/19/2016,30.88,10/19/2016,40.71,10/19/2016,44.78,10/19/2016,43.39,10/19/2016,214.28
10/20/2016,30.83,10/20/2016,39.82,10/20/2016,43.91,10/20/2016,43.15,10/20/2016,213.88
10/21/2016,30.49,10/21/2016,40.02,10/21/2016,44.09,10/21/2016,43.48,10/21/2016,213.98
10/24/2016,30.44,10/24/2016,40.55,10/24/2016,43.49,10/24/2016,43.86,10/24/2016,214.89
10/25/2016,30.58,10/25/2016,40.47,10/25/2016,43.45,10/25/2016,43.49,10/25/2016,214.17
10/26/2016,30.69,10/26/2016,40.45,10/26/2016,43.61,10/26/2016,43.03,10/26/2016,213.74
10/27/2016,30.77,10/27/2016,40.8,10/27/2016,44.15,10/27/2016,41.35,10/27/2016,213.17
10/28/2016,30.25,10/28/2016,39.99,10/28/2016,43.6,10/28/2016,40.84,10/28/2016,212.54
10/31/2016,30.04,10/31/2016,39.55,10/31/2016,43.17,10/31/2016,41.45,10/31/2016,212.55
11/1/2016,29.43,11/1/2016,38.16,11/1/2016,42.93,11/1/2016,40.78,11/1/2016,211.01
11/2/2016,29.02,11/2/2016,37.6,11/2/2016,41.67,11/2/2016,43.57,11/2/2016,209.74
11/3/2016,28.32,11/3/2016,37.48,11/3/2016,41.08,11/3/2016,40.41,11/3/2016,208.78
11/4/2016,28.42,11/4/2016,38.11,11/4/2016,41.18,11/4/2016,39.15,11/4/2016,208.55
11/7/2016,28.78,11/7/2016,38.64,11/7/2016,42.66,11/7/2016,40.15,11/7/2016,213.15
11/8/2016,28.42,11/8/2016,38.99,11/8/2016,42.91,11/8/2016,41.35,11/8/2016,214.11
11/9/2016,30.43,11/9/2016,38.01,11/9/2016,42.54,11/9/2016,40.58,11/9/2016,216.38
11/10/2016,31.73,11/10/2016,37.07,11/10/2016,42.07,11/10/2016,40.09,11/10/2016,216.92
11/11/2016,30.87,11/11/2016,37.71,11/11/2016,40.7,11/11/2016,39.66,11/11/2016,216.42
11/14/2016,30.67,11/14/2016,36.29,11/14/2016,39.94,11/14/2016,37.9,11/14/2016,216.59
11/15/2016,30.53,11/15/2016,36.75,11/15/2016,41.1,11/15/2016,39.92,11/15/2016,218.28
11/16/2016,30.28,11/16/2016,36.79,11/16/2016,41.31,11/16/2016,40.36,11/16/2016,217.87
11/17/2016,30.06,11/17/2016,37.73,11/17/2016,41.92,11/17/2016,42.02,11/17/2016,218.99
11/18/2016,29.82,11/18/2016,37,11/18/2016,42.26,11/18/2016,44.05,11/18/2016,218.5
11/21/2016,29.91,11/21/2016,36.9,11/21/2016,43.4,11/21/2016,44.89,11/21/2016,220.15
11/22/2016,29.68,11/22/2016,38.23,11/22/2016,43.18,11/22/2016,42.96,11/22/2016,220.58
11/23/2016,29.77,11/23/2016,38.63,11/23/2016,42.95,11/23/2016,43.05,11/23/2016,220.7
11/25/2016,30.02,11/25/2016,39.33,11/25/2016,42.79,11/25/2016,43.27,11/25/2016,221.52
11/28/2016,29.88,11/28/2016,39.22,11/28/2016,42.77,11/28/2016,42.49,11/28/2016,220.48
11/29/2016,30.24,11/29/2016,37.91,11/29/2016,42.16,11/29/2016,42.59,11/29/2016,220.91
11/30/2016,30.45,11/30/2016,37.88,11/30/2016,42.04,11/30/2016,41.67,11/30/2016,220.38
12/1/2016,29.8,12/1/2016,36.38,12/1/2016,41.38,12/1/2016,39.67,12/1/2016,219.57
12/2/2016,29.96,12/2/2016,36.29,12/2/2016,41.79,12/2/2016,39.05,12/2/2016,219.68
12/5/2016,29.93,12/5/2016,37.36,12/5/2016,41.85,12/5/2016,40.57,12/5/2016,221
12/6/2016,29.9,12/6/2016,37.17,12/6/2016,41.73,12/6/2016,40.9,12/6/2016,221.7
12/7/2016,29.55,12/7/2016,38.63,12/7/2016,42.15,12/7/2016,40.72,12/7/2016,224.6
12/8/2016,29.31,12/8/2016,38.46,12/8/2016,42.18,12/8/2016,42.63,12/8/2016,225.15
12/9/2016,30.03,12/9/2016,38.44,12/9/2016,42.03,12/9/2016,42.22,12/9/2016,226.51
12/12/2016,30.69,12/12/2016,38.49,12/12/2016,42.1,12/12/2016,42.04,12/12/2016,226.25
12/13/2016,31.1,12/13/2016,39.63,12/13/2016,42.91,12/13/2016,42.27,12/13/2016,227.76
12/14/2016,31.09,12/14/2016,39.74,12/14/2016,41.77,12/14/2016,41.75,12/14/2016,225.88
12/15/2016,31.03,12/15/2016,39.52,12/15/2016,41.91,12/15/2016,42.41,12/15/2016,226.81
12/16/2016,31.11,12/16/2016,40.5,12/16/2016,42.98,12/16/2016,42.05,12/16/2016,225.04
12/19/2016,31.1,12/19/2016,40.55,12/19/2016,42.57,12/19/2016,41.87,12/19/2016,225.53
12/20/2016,31.12,12/20/2016,41.76,12/20/2016,42.25,12/20/2016,41.42,12/20/2016,226.4
12/21/2016,30.69,12/21/2016,41.54,12/21/2016,42.23,12/21/2016,40.8,12/21/2016,225.77
12/22/2016,30.64,12/22/2016,41.69,12/22/2016,42.76,12/22/2016,40.17,12/22/2016,225.38
12/23/2016,30.77,12/23/2016,42.67,12/23/2016,42.57,12/23/2016,41.34,12/23/2016,225.71
12/27/2016,30.82,12/27/2016,43.91,12/27/2016,42.79,12/27/2016,43.64,12/27/2016,226.27
12/28/2016,30.65,12/28/2016,43.95,12/28/2016,42.05,12/28/2016,43.22,12/28/2016,224.4
12/29/2016,30.78,12/29/2016,42.94,12/29/2016,42.22,12/29/2016,43.1,12/29/2016,224.35
12/30/2016,30.77,12/30/2016,42.74,12/30/2016,42.12,12/30/2016,42.87,12/30/2016,223.53
1/3/2017,31.26,1/3/2017,43.4,1/3/2017,42.54,1/3/2017,42.82,1/3/2017,225.24
1/4/2017,31.54,1/4/2017,45.4,1/4/2017,42.84,1/4/2017,44.14,1/4/2017,226.58
1/5/2017,31.84,1/5/2017,45.35,1/5/2017,43.34,1/5/2017,47.68,1/5/2017,226.4
1/6/2017,31.72,1/6/2017,45.8,1/6/2017,43.61,1/6/2017,46.9,1/6/2017,227.21
1/9/2017,31.71,1/9/2017,46.26,1/9/2017,43.45,1/9/2017,47.18,1/9/2017,226.46
1/10/2017,31.68,1/10/2017,45.97,1/10/2017,42.82,1/10/2017,47.87,1/10/2017,226.46
1/11/2017,31.1,1/11/2017,45.95,1/11/2017,43.13,1/11/2017,48.33,1/11/2017,227.1
1/12/2017,30.88,1/12/2017,45.92,1/12/2017,43.09,1/12/2017,48.58,1/12/2017,226.53
1/13/2017,30.81,1/13/2017,47.55,1/13/2017,43.27,1/13/2017,48.1,1/13/2017,227.05
1/17/2017,30.37,1/17/2017,47.12,1/17/2017,43.87,1/17/2017,49.52,1/17/2017,226.25
1/18/2017,30.34,1/18/2017,47.67,1/18/2017,43.17,1/18/2017,49.98,1/18/2017,226.75
1/19/2017,30.03,1/19/2017,48.75,1/19/2017,42.61,1/19/2017,50.66,1/19/2017,225.91
1/20/2017,30.1,1/20/2017,48.95,1/20/2017,42.91,1/20/2017,50.09,1/20/2017,226.74
1/23/2017,29.8,1/23/2017,49.78,1/23/2017,42.68,1/23/2017,49.44,1/23/2017,226.15
1/24/2017,29.51,1/24/2017,50.92,1/24/2017,43.74,1/24/2017,49.42,1/24/2017,227.6
1/25/2017,29.64,1/25/2017,50.89,1/25/2017,44.24,1/25/2017,51.36,1/25/2017,229.57
1/26/2017,29.63,1/26/2017,50.5,1/26/2017,44.37,1/26/2017,51.01,1/26/2017,229.33
1/27/2017,29.77,1/27/2017,50.59,1/27/2017,43.03,1/27/2017,51.54,1/27/2017,228.97
1/30/2017,29.66,1/30/2017,50.13,1/30/2017,42.48,1/30/2017,50.7,1/30/2017,227.55
1/31/2017,30.06,1/31/2017,50.39,1/31/2017,42.6,1/31/2017,50.82,1/31/2017,227.53
2/1/2017,30,2/1/2017,49.85,2/1/2017,42.27,2/1/2017,51.19,2/1/2017,227.62
2/2/2017,30.06,2/2/2017,50.31,2/2/2017,43.06,2/2/2017,52.32,2/2/2017,227.77
2/3/2017,30.4,2/3/2017,50.27,2/3/2017,43.82,2/3/2017,52.12,2/3/2017,229.34
2/6/2017,30.53,2/6/2017,51.55,2/6/2017,43.07,2/6/2017,52.68,2/6/2017,228.93
2/7/2017,30.39,2/7/2017,51.5,2/7/2017,42.26,2/7/2017,53.13,2/7/2017,228.94
2/8/2017,30.45,2/8/2017,52.42,2/8/2017,42.8,2/8/2017,53.37,2/8/2017,229.24
2/9/2017,30.67,2/9/2017,53.84,2/9/2017,42.89,2/9/2017,54.61,2/9/2017,230.6
2/10/2017,30.65,2/10/2017,53.85,2/10/2017,43.16,2/10/2017,55.22,2/10/2017,231.51
2/13/2017,30.89,2/13/2017,56.12,2/13/2017,43.18,2/13/2017,56.05,2/13/2017,232.77
2/14/2017,31.03,2/14/2017,56.2,2/14/2017,43.25,2/14/2017,56.05,2/14/2017,233.7
2/15/2017,31.75,2/15/2017,55.95,2/15/2017,42.77,2/15/2017,60.61,2/15/2017,234.92
2/16/2017,31.85,2/16/2017,53.79,2/16/2017,42.25,2/16/2017,60.97,2/16/2017,234.72
2/17/2017,31.85,2/17/2017,54.45,2/17/2017,42.01,2/17/2017,61.52,2/17/2017,235.09
2/21/2017,31.85,2/21/2017,55.48,2/21/2017,42.24,2/21/2017,63.08,2/21/2017,236.49
2/22/2017,31.82,2/22/2017,54.7,2/22/2017,42.15,2/22/2017,63.59,2/22/2017,236.28
2/23/2017,32.27,2/23/2017,51.2,2/23/2017,41.71,2/23/2017,62.73,2/23/2017,236.44
2/24/2017,32.46,2/24/2017,51.4,2/24/2017,41.34,2/24/2017,61.75,2/24/2017,236.74
2/27/2017,32.47,2/27/2017,49.25,2/27/2017,41.59,2/27/2017,59.93,2/27/2017,237.11
2/28/2017,32.32,2/28/2017,50,2/28/2017,41.85,2/28/2017,59.21,2/28/2017,236.47
3/1/2017,32.61,3/1/2017,50,3/1/2017,41.44,3/1/2017,59.65,3/1/2017,239.78
3/2/2017,32.69,3/2/2017,50.1,3/2/2017,41.17,3/2/2017,59.67,3/2/2017,238.27
3/3/2017,32.7,3/3/2017,50.31,3/3/2017,40.95,3/3/2017,60.29,3/3/2017,238.42
3/6/2017,32.54,3/6/2017,50.24,3/6/2017,41.13,3/6/2017,59.32,3/6/2017,237.71
3/7/2017,32.2,3/7/2017,49.72,3/7/2017,41.83,3/7/2017,60.13,3/7/2017,237
3/8/2017,32.12,3/8/2017,49.37,3/8/2017,41.18,3/8/2017,60.91,3/8/2017,236.56
3/9/2017,32.26,3/9/2017,48.98,3/9/2017,40.99,3/9/2017,62.39,3/9/2017,236.86
3/10/2017,32.31,3/10/2017,48.74,3/10/2017,41.33,3/10/2017,64.15,3/10/2017,237.69
3/13/2017,32.31,3/13/2017,49.23,3/13/2017,41.19,3/13/2017,64.93,3/13/2017,237.81
3/14/2017,32.42,3/14/2017,51.6,3/14/2017,40.31,3/14/2017,63.83,3/14/2017,236.9
3/15/2017,32.81,3/15/2017,51.15,3/15/2017,41.34,3/15/2017,64.84,3/15/2017,238.95
3/16/2017,32.62,3/16/2017,52.41,3/16/2017,41.71,3/16/2017,64.99,3/16/2017,238.48
3/17/2017,32.51,3/17/2017,52.3,3/17/2017,41.19,3/17/2017,66.99,3/17/2017,237.03
3/20/2017,32.57,3/20/2017,52.38,3/20/2017,40.79,3/20/2017,68.86,3/20/2017,236.77
3/21/2017,32.45,3/21/2017,50.14,3/21/2017,40.48,3/21/2017,67.19,3/21/2017,233.73
3/22/2017,32.65,3/22/2017,51,3/22/2017,41.32,3/22/2017,66.71,3/22/2017,234.28
3/23/2017,32.48,3/23/2017,50.96,3/23/2017,40.82,3/23/2017,67.58,3/23/2017,234.03
3/24/2017,32.21,3/24/2017,52.63,3/24/2017,40.9,3/24/2017,68.98,3/24/2017,233.86
3/27/2017,32.38,3/27/2017,54.04,3/27/2017,41.21,3/27/2017,70.4,3/27/2017,233.62
3/28/2017,32.36,3/28/2017,55.49,3/28/2017,41.64,3/28/2017,72.37,3/28/2017,235.32
3/29/2017,32.52,3/29/2017,55.48,3/29/2017,41.89,3/29/2017,72.72,3/29/2017,235.54
3/30/2017,32.54,3/30/2017,55.58,3/30/2017,41.29,3/30/2017,69.05,3/30/2017,236.29
3/31/2017,32.41,3/31/2017,55.66,3/31/2017,41.84,3/31/2017,68.09,3/31/2017,235.74
4/3/2017,32.44,4/3/2017,59.7,4/3/2017,41.44,4/3/2017,69.23,4/3/2017,235.33
4/4/2017,32.53,4/4/2017,60.74,4/4/2017,41.67,4/4/2017,68.53,4/4/2017,235.48
4/5/2017,32.39,4/5/2017,59,4/5/2017,41.48,4/5/2017,67.89,4/5/2017,234.78
4/6/2017,32.31,4/6/2017,59.74,4/6/2017,42.16,4/6/2017,68.52,4/6/2017,235.44
4/7/2017,32.3,4/7/2017,60.51,4/7/2017,42.35,4/7/2017,68.71,4/7/2017,235.2
4/10/2017,32.25,4/10/2017,62.48,4/10/2017,42.74,4/10/2017,69.28,4/10/2017,235.34
4/11/2017,32.14,4/11/2017,61.74,4/11/2017,42.19,4/11/2017,69.06,4/11/2017,235.06
4/12/2017,32.13,4/12/2017,59.37,4/12/2017,42.51,4/12/2017,69.25,4/12/2017,234.03
4/13/2017,32.1,4/13/2017,60.8,4/13/2017,42.26,4/13/2017,70.63,4/13/2017,232.51
4/17/2017,32.21,4/17/2017,60.29,4/17/2017,42.63,4/17/2017,71.7,4/17/2017,234.57
4/18/2017,32.06,4/18/2017,60.05,4/18/2017,42.15,4/18/2017,71.58,4/18/2017,233.87
4/19/2017,31.84,4/19/2017,61.1,4/19/2017,41.64,4/19/2017,72.64,4/19/2017,233.44
4/20/2017,31.96,4/20/2017,60.5,4/20/2017,41.85,4/20/2017,76.06,4/20/2017,235.34
4/21/2017,31.87,4/21/2017,61.12,4/21/2017,41.92,4/21/2017,76.38,4/21/2017,234.59
4/24/2017,31.96,4/24/2017,61.61,4/24/2017,42.27,4/24/2017,75.83,4/24/2017,237.17
4/25/2017,31.98,4/25/2017,62.76,4/25/2017,42.37,4/25/2017,76.65,4/25/2017,238.55
4/26/2017,32.07,4/26/2017,62.03,4/26/2017,41.65,4/26/2017,74.12,4/26/2017,238.4
4/27/2017,32.08,4/27/2017,61.73,4/27/2017,41.46,4/27/2017,73.09,4/27/2017,238.6
4/28/2017,32.13,4/28/2017,62.81,4/28/2017,41.45,4/28/2017,75.95,4/28/2017,238.08
5/1/2017,32,5/1/2017,64.57,5/1/2017,41.09,5/1/2017,77.26,5/1/2017,238.68
5/2/2017,31.84,5/2/2017,63.78,5/2/2017,41.51,5/2/2017,82.98,5/2/2017,238.77
5/3/2017,31.71,5/3/2017,62.2,5/3/2017,41.44,5/3/2017,81.72,5/3/2017,238.48
5/4/2017,31.69,5/4/2017,59.09,5/4/2017,40.5,5/4/2017,81.35,5/4/2017,238.76
5/5/2017,31.72,5/5/2017,61.67,5/5/2017,41.43,5/5/2017,85.53,5/5/2017,239.7
5/8/2017,31.69,5/8/2017,61.44,5/8/2017,41.58,5/8/2017,86.78,5/8/2017,239.66
5/9/2017,31.62,5/9/2017,64.25,5/9/2017,41.24,5/9/2017,89.15,5/9/2017,239.44
5/10/2017,31.29,5/10/2017,65.04,5/10/2017,41.34,5/10/2017,93.06,5/10/2017,239.87
5/11/2017,31.3,5/11/2017,64.62,5/11/2017,40.03,5/11/2017,92.02,5/11/2017,239.38
5/12/2017,31.27,5/12/2017,64.96,5/12/2017,40.06,5/12/2017,93.58,5/12/2017,238.98
5/15/2017,31.38,5/15/2017,63.18,5/15/2017,40,5/15/2017,94.24,5/15/2017,240.3
5/16/2017,30.88,5/16/2017,63.4,5/16/2017,39.64,5/16/2017,94.93,5/16/2017,240.08
5/17/2017,30.53,5/17/2017,61.22,5/17/2017,38.69,5/17/2017,89.84,5/17/2017,235.82
5/18/2017,30.52,5/18/2017,62.61,5/18/2017,38.79,5/18/2017,92.11,5/18/2017,236.77
5/19/2017,30.75,5/19/2017,62.17,5/19/2017,39.58,5/19/2017,88.87,5/19/2017,238.31
5/22/2017,30.43,5/22/2017,62.07,5/22/2017,39.74,5/22/2017,89.6,5/22/2017,239.52
5/23/2017,30.45,5/23/2017,60.77,5/23/2017,39.7,5/23/2017,90.02,5/23/2017,240.05
5/24/2017,30.36,5/24/2017,62.04,5/24/2017,39.86,5/24/2017,90.81,5/24/2017,240.61
5/25/2017,30.47,5/25/2017,63.37,5/25/2017,39.3,5/25/2017,90.22,5/25/2017,241.76
5/26/2017,30.45,5/26/2017,65.03,5/26/2017,38.96,5/26/2017,90.74,5/26/2017,241.71
5/30/2017,30.44,5/30/2017,67.02,5/30/2017,38.64,5/30/2017,90.57,5/30/2017,241.5
5/31/2017,30.93,5/31/2017,68.2,5/31/2017,38.51,5/31/2017,91.86,5/31/2017,241.44
6/1/2017,30.99,6/1/2017,68.07,6/1/2017,38.95,6/1/2017,93.44,6/1/2017,243.36
6/2/2017,30.83,6/2/2017,67.97,6/2/2017,39.06,6/2/2017,97.53,6/2/2017,244.17
6/5/2017,30.65,6/5/2017,69.46,6/5/2017,38.98,6/5/2017,97.48,6/5/2017,243.99
6/6/2017,30.38,6/6/2017,70.57,6/6/2017,39.58,6/6/2017,98.61,6/6/2017,243.21
6/7/2017,30.31,6/7/2017,71.93,6/7/2017,39.11,6/7/2017,96.99,6/7/2017,243.66
6/8/2017,30.08,6/8/2017,74,6/8/2017,38.3,6/8/2017,98.84,6/8/2017,243.78
6/9/2017,31.04,6/9/2017,71.46,6/9/2017,38.7,6/9/2017,91.45,6/9/2017,243.41
6/12/2017,30.98,6/12/2017,71.8,6/12/2017,38.23,6/12/2017,88.89,6/12/2017,243.36
6/13/2017,30.86,6/13/2017,75.19,6/13/2017,38.62,6/13/2017,86.93,6/13/2017,244.55
6/14/2017,30.97,6/14/2017,76.13,6/14/2017,37.66,6/14/2017,85.36,6/14/2017,244.24
6/15/2017,31.08,6/15/2017,75.07,6/15/2017,37.92,6/15/2017,85.48,6/15/2017,243.77
6/16/2017,31.23,6/16/2017,74.28,6/16/2017,38.89,6/16/2017,86.93,6/16/2017,242.64
6/19/2017,31.47,6/19/2017,73.96,6/19/2017,38.65,6/19/2017,90.56,6/19/2017,244.66
6/20/2017,31.79,6/20/2017,74.45,6/20/2017,37.74,6/20/2017,88.94,6/20/2017,243.01
6/21/2017,32.1,6/21/2017,75.28,6/21/2017,38.02,6/21/2017,91.25,6/21/2017,242.95
6/22/2017,32.27,6/22/2017,76.52,6/22/2017,39.02,6/22/2017,91.37,6/22/2017,242.84
6/23/2017,32.37,6/23/2017,76.69,6/23/2017,39.35,6/23/2017,94.48,6/23/2017,243.13
6/26/2017,32.25,6/26/2017,75.5,6/26/2017,39.59,6/26/2017,92.04,6/26/2017,243.29
6/27/2017,31.99,6/27/2017,72.47,6/27/2017,40.03,6/27/2017,87.04,6/27/2017,241.33
6/28/2017,31.97,6/28/2017,74.25,6/28/2017,40.36,6/28/2017,89.52,6/28/2017,243.49
6/29/2017,31.86,6/29/2017,72.15,6/29/2017,39.92,6/29/2017,86.4,6/29/2017,241.35
6/30/2017,31.82,6/30/2017,72.32,6/30/2017,39.81,6/30/2017,86.9,6/30/2017,241.8
7/3/2017,32.04,7/3/2017,70.52,7/3/2017,40.14,7/3/2017,86,7/3/2017,242.21
7/5/2017,31.87,7/5/2017,65.42,7/5/2017,39.58,7/5/2017,88.11,7/5/2017,242.77
7/6/2017,31.47,7/6/2017,61.77,7/6/2017,39.68,7/6/2017,86.21,7/6/2017,240.55
7/7/2017,31.59,7/7/2017,62.64,7/7/2017,39.81,7/7/2017,88.99,7/7/2017,242.11
7/10/2017,31.65,7/10/2017,63.21,7/10/2017,39.78,7/10/2017,90.99,7/10/2017,242.37
7/11/2017,31.42,7/11/2017,65.44,7/11/2017,39.47,7/11/2017,91.29,7/11/2017,242.19
7/12/2017,31.47,7/12/2017,65.9,7/12/2017,40.06,7/12/2017,94.68,7/12/2017,244.01
7/13/2017,31.53,7/13/2017,64.68,7/13/2017,40.11,7/13/2017,93.02,7/13/2017,244.42
7/14/2017,31.67,7/14/2017,65.56,7/14/2017,40.85,7/14/2017,92.41,7/14/2017,245.56
7/17/2017,31.5,7/17/2017,63.91,7/17/2017,40.66,7/17/2017,90.49,7/17/2017,245.53
7/18/2017,31.6,7/18/2017,65.65,7/18/2017,40.85,7/18/2017,93.18,7/18/2017,245.66
7/19/2017,31.85,7/19/2017,65.05,7/19/2017,41.55,7/19/2017,91.9,7/19/2017,246.99
7/20/2017,31.77,7/20/2017,65.98,7/20/2017,41.9,7/20/2017,90.87,7/20/2017,247.1
7/21/2017,31.72,7/21/2017,65.68,7/21/2017,41.81,7/21/2017,89.42,7/21/2017,246.88
7/24/2017,31.57,7/24/2017,68.5,7/24/2017,41.73,7/24/2017,93.61,7/24/2017,246.82
7/25/2017,31.36,7/25/2017,67.92,7/25/2017,41.69,7/25/2017,92.16,7/25/2017,247.42
7/26/2017,31.16,7/26/2017,68.77,7/26/2017,41.73,7/26/2017,93.92,7/26/2017,247.43
7/27/2017,31.26,7/27/2017,66.89,7/27/2017,41.13,7/27/2017,90.43,7/27/2017,247.2
7/28/2017,31.4,7/28/2017,67.01,7/28/2017,41.1,7/28/2017,92.98,7/28/2017,246.91
7/31/2017,31.41,7/31/2017,64.69,7/31/2017,41.46,7/31/2017,92.37,7/31/2017,246.77
8/1/2017,31.34,8/1/2017,63.91,8/1/2017,41.63,8/1/2017,104.08,8/1/2017,247.32
8/2/2017,31.19,8/2/2017,65.18,8/2/2017,41.8,8/2/2017,98.35,8/2/2017,247.44
8/3/2017,31.67,8/3/2017,69.42,8/3/2017,41.76,8/3/2017,97.16,8/3/2017,246.96
8/4/2017,31.87,8/4/2017,71.38,8/4/2017,41.53,8/4/2017,96.28,8/4/2017,247.41
8/7/2017,31.56,8/7/2017,71.03,8/7/2017,41.51,8/7/2017,97.79,8/7/2017,247.87
8/8/2017,31.53,8/8/2017,73.04,8/8/2017,40.83,8/8/2017,96.51,8/8/2017,247.26
8/9/2017,31.69,8/9/2017,72.71,8/9/2017,40.61,8/9/2017,95.19,8/9/2017,247.25
8/10/2017,31.66,8/10/2017,71.08,8/10/2017,39.9,8/10/2017,88.4,8/10/2017,243.76
8/11/2017,31.5,8/11/2017,71.57,8/11/2017,39.47,8/11/2017,91.71,8/11/2017,244.12
8/14/2017,31.56,8/14/2017,72.76,8/14/2017,39.8,8/14/2017,94.06,8/14/2017,246.54
8/15/2017,31.62,8/15/2017,72.47,8/15/2017,39.23,8/15/2017,93.15,8/15/2017,246.51
8/16/2017,31.6,8/16/2017,72.58,8/16/2017,39.17,8/16/2017,94.61,8/16/2017,246.94
8/17/2017,31.21,8/17/2017,70.38,8/17/2017,39.13,8/17/2017,93.5,8/17/2017,243.09
8/18/2017,30.95,8/18/2017,69.49,8/18/2017,39.42,8/18/2017,94.58,8/18/2017,242.71
8/21/2017,31.03,8/21/2017,67.57,8/21/2017,39.29,8/21/2017,96.27,8/21/2017,242.9
8/22/2017,31.4,8/22/2017,68.27,8/22/2017,39.91,8/22/2017,98.61,8/22/2017,245.44
8/23/2017,31.49,8/23/2017,70.55,8/23/2017,40.77,8/23/2017,102.46,8/23/2017,244.56
8/24/2017,31.48,8/24/2017,70.59,8/24/2017,40.88,8/24/2017,106.53,8/24/2017,243.99
8/25/2017,31.63,8/25/2017,69.61,8/25/2017,40.39,8/25/2017,103.74,8/25/2017,244.56
8/28/2017,31.71,8/28/2017,69.13,8/28/2017,39.9,8/28/2017,103.79,8/28/2017,244.57
8/29/2017,31.74,8/29/2017,69.47,8/29/2017,39.77,8/29/2017,104.37,8/29/2017,244.85
8/30/2017,31.69,8/30/2017,70.64,8/30/2017,39.5,8/30/2017,108.44,8/30/2017,246.01
8/31/2017,32.13,8/31/2017,71.18,8/31/2017,39.99,8/31/2017,110.92,8/31/2017,247.49
9/1/2017,32.17,9/1/2017,71.08,9/1/2017,40.45,9/1/2017,110.86,9/1/2017,247.84
9/5/2017,32.02,9/5/2017,69.92,9/5/2017,40.21,9/5/2017,110.67,9/5/2017,246.06
9/6/2017,32.2,9/6/2017,68.91,9/6/2017,40.81,9/6/2017,110.22,9/6/2017,246.9
9/7/2017,32.2,9/7/2017,70.12,9/7/2017,40.64,9/7/2017,113.46,9/7/2017,246.87
9/8/2017,32.3,9/8/2017,68.68,9/8/2017,40.52,9/8/2017,113.61,9/8/2017,246.58
9/11/2017,32.51,9/11/2017,72.74,9/11/2017,40.86,9/11/2017,117.99,9/11/2017,249.21
9/12/2017,33.51,9/12/2017,72.55,9/12/2017,40.96,9/12/2017,120.5,9/12/2017,250.05
9/13/2017,33.21,9/13/2017,73.25,9/13/2017,40.95,9/13/2017,119.21,9/13/2017,250.17
9/14/2017,33.85,9/14/2017,75.53,9/14/2017,41.14,9/14/2017,120.2,9/14/2017,250.09
9/15/2017,33.5,9/15/2017,75.96,9/15/2017,41.13,9/15/2017,120.26,9/15/2017,249.19
9/18/2017,33.68,9/18/2017,77,9/18/2017,40.96,9/18/2017,122.42,9/18/2017,249.72
9/19/2017,33.58,9/19/2017,75.02,9/19/2017,41.22,9/19/2017,122.94,9/19/2017,249.97
9/20/2017,34.09,9/20/2017,74.78,9/20/2017,41.31,9/20/2017,119.29,9/20/2017,250.06
9/21/2017,34.08,9/21/2017,73.3,9/21/2017,41.44,9/21/2017,120.15,9/21/2017,249.39
9/22/2017,34.07,9/22/2017,70.22,9/22/2017,41.04,9/22/2017,120.27,9/22/2017,249.44
9/25/2017,33.64,9/25/2017,69,9/25/2017,41.23,9/25/2017,114.47,9/25/2017,248.93
9/26/2017,33.44,9/26/2017,69.05,9/26/2017,41.22,9/26/2017,113.38,9/26/2017,249.08
9/27/2017,33.58,9/27/2017,68.19,9/27/2017,41.24,9/27/2017,117.4,9/27/2017,250.05
9/28/2017,33.73,9/28/2017,67.92,9/28/2017,41.53,9/28/2017,116.45,9/28/2017,250.35
9/29/2017,33.82,9/29/2017,68.22,9/29/2017,41.84,9/29/2017,116.49,9/29/2017,251.23
10/2/2017,34.17,10/2/2017,68.31,10/2/2017,41.75,10/2/2017,119,10/2/2017,252.32
10/3/2017,34.24,10/3/2017,69.63,10/3/2017,41.97,10/3/2017,116.81,10/3/2017,252.86
10/4/2017,34.07,10/4/2017,71,10/4/2017,41.81,10/4/2017,103.3,10/4/2017,253.16
10/5/2017,34.1,10/5/2017,71.07,10/5/2017,41.47,10/5/2017,100.43,10/5/2017,254.66
10/6/2017,34.15,10/6/2017,71.38,10/6/2017,41.32,10/6/2017,97.92,10/6/2017,254.37
10/9/2017,34.24,10/9/2017,68.59,10/9/2017,41.12,10/9/2017,97.38,10/9/2017,253.95
10/10/2017,34.48,10/10/2017,71.12,10/10/2017,41.36,10/10/2017,92.57,10/10/2017,254.62
10/11/2017,34.53,10/11/2017,70.92,10/11/2017,41.71,10/11/2017,95.02,10/11/2017,255.02
10/12/2017,34.44,10/12/2017,71.14,10/12/2017,41.49,10/12/2017,94.36,10/12/2017,254.64
10/13/2017,34.43,10/13/2017,71.11,10/13/2017,41.49,10/13/2017,94.22,10/13/2017,254.95
10/16/2017,34.09,10/16/2017,70.12,10/16/2017,41.51,10/16/2017,96.98,10/16/2017,255.29
10/17/2017,34.29,10/17/2017,71.15,10/17/2017,41.3,10/17/2017,96.21,10/17/2017,255.47
10/18/2017,33.94,10/18/2017,71.93,10/18/2017,40.46,10/18/2017,98.93,10/18/2017,255.72
10/19/2017,34.33,10/19/2017,70.36,10/19/2017,40.33,10/19/2017,98.25,10/19/2017,255.79
10/20/2017,34.5,10/20/2017,69.02,10/20/2017,39.31,10/20/2017,102.1,10/20/2017,257.11
10/23/2017,34.48,10/23/2017,67.4,10/23/2017,39.05,10/23/2017,102.91,10/23/2017,256.11
10/24/2017,34.36,10/24/2017,67.47,10/24/2017,38.86,10/24/2017,106.41,10/24/2017,256.56
10/25/2017,34.26,10/25/2017,65.17,10/25/2017,38.01,10/25/2017,102.99,10/25/2017,255.29
10/26/2017,33.86,10/26/2017,65.23,10/26/2017,37.96,10/26/2017,104.11,10/26/2017,255.62
10/27/2017,33.73,10/27/2017,64.17,10/27/2017,38.42,10/27/2017,107.27,10/27/2017,257.71
10/30/2017,33.3,10/30/2017,64.02,10/30/2017,38.58,10/30/2017,109.36,10/30/2017,256.75
10/31/2017,33.21,10/31/2017,66.31,10/31/2017,38.46,10/31/2017,99.49,10/31/2017,257.15
11/1/2017,33.4,11/1/2017,64.22,11/1/2017,38.32,11/1/2017,96.2,11/1/2017,257.49
11/2/2017,33.59,11/2/2017,59.85,11/2/2017,36.71,11/2/2017,99.89,11/2/2017,257.59
11/3/2017,33.68,11/3/2017,61.22,11/3/2017,36.69,11/3/2017,98.71,11/3/2017,258.45
11/6/2017,33.46,11/6/2017,60.56,11/6/2017,36.82,11/6/2017,99.84,11/6/2017,258.85
11/7/2017,33.5,11/7/2017,61.21,11/7/2017,36.71,11/7/2017,99.71,11/7/2017,258.67
11/8/2017,33.48,11/8/2017,60.88,11/8/2017,36.79,11/8/2017,99.4,11/8/2017,259.11
11/9/2017,33.35,11/9/2017,60.6,11/9/2017,36.64,11/9/2017,97.03,11/9/2017,258.17
11/10/2017,33.33,11/10/2017,60.6,11/10/2017,36.48,11/10/2017,100.01,11/10/2017,258.09
11/13/2017,33.44,11/13/2017,63.08,11/13/2017,36.22,11/13/2017,98.77,11/13/2017,258.33
11/14/2017,33.52,11/14/2017,61.74,11/14/2017,34.97,11/14/2017,98.97,11/14/2017,257.73
11/15/2017,33.5,11/15/2017,62.26,11/15/2017,34.52,11/15/2017,98.04,11/15/2017,256.44
11/16/2017,33.69,11/16/2017,62.5,11/16/2017,34.5,11/16/2017,103.89,11/16/2017,258.62
11/17/2017,33.51,11/17/2017,63.01,11/17/2017,35.16,11/17/2017,104.89,11/17/2017,257.86
11/20/2017,33.49,11/20/2017,61.75,11/20/2017,35.87,11/20/2017,108.56,11/20/2017,258.3
11/21/2017,33.67,11/21/2017,63.56,11/21/2017,36.8,11/21/2017,110.17,11/21/2017,259.99
11/22/2017,33.56,11/22/2017,62.52,11/22/2017,36.98,11/22/2017,110.41,11/22/2017,259.76
11/24/2017,33.62,11/24/2017,63.11,11/24/2017,37.16,11/24/2017,111.81,11/24/2017,260.36
11/27/2017,33.62,11/27/2017,63.36,11/27/2017,36.27,11/27/2017,113.36,11/27/2017,260.23
11/28/2017,33.96,11/28/2017,63.51,11/28/2017,36.26,11/28/2017,112.09,11/28/2017,262.87
11/29/2017,34.3,11/29/2017,61.51,11/29/2017,35.63,11/29/2017,103.67,11/29/2017,262.71
11/30/2017,34.35,11/30/2017,61.77,11/30/2017,37.71,11/30/2017,103.82,11/30/2017,265.01
12/1/2017,34.44,12/1/2017,61.31,12/1/2017,38.29,12/1/2017,103.27,12/1/2017,264.46
12/4/2017,34.16,12/4/2017,61.04,12/4/2017,38.31,12/4/2017,96.62,12/4/2017,264.14
12/5/2017,33.75,12/5/2017,60.74,12/5/2017,38.39,12/5/2017,95.28,12/5/2017,263.19
12/6/2017,33.69,12/6/2017,62.65,12/6/2017,38.14,12/6/2017,95.77,12/6/2017,263.24
12/7/2017,33.63,12/7/2017,62.25,12/7/2017,38.45,12/7/2017,99.79,12/7/2017,264.07
12/8/2017,33.86,12/8/2017,63.03,12/8/2017,38.34,12/8/2017,100.77,12/8/2017,265.51
12/11/2017,34.3,12/11/2017,65.78,12/11/2017,38.55,12/11/2017,104.11,12/11/2017,266.31
12/12/2017,34.65,12/12/2017,68.21,12/12/2017,38.37,12/12/2017,101.4,12/12/2017,266.78
12/13/2017,34.71,12/13/2017,67.81,12/13/2017,38.64,12/13/2017,103.21,12/13/2017,266.75
12/14/2017,34.54,12/14/2017,67.58,12/14/2017,38.67,12/14/2017,103.23,12/14/2017,265.66
12/15/2017,35.24,12/15/2017,68.69,12/15/2017,38.72,12/15/2017,105.22,12/15/2017,266.51
12/18/2017,35.17,12/18/2017,67.77,12/18/2017,39.07,12/18/2017,107.62,12/18/2017,268.2
12/19/2017,34.99,12/19/2017,66.22,12/19/2017,38.83,12/19/2017,105.73,12/19/2017,267.17
12/20/2017,34.54,12/20/2017,65.8,12/20/2017,38.53,12/20/2017,105.24,12/20/2017,267.03
12/21/2017,34.33,12/21/2017,66.33,12/21/2017,38.66,12/21/2017,104.8,12/21/2017,267.58
12/22/2017,34.24,12/22/2017,65.04,12/22/2017,38.63,12/22/2017,103.86,12/22/2017,267.51
12/26/2017,34.3,12/26/2017,63.46,12/26/2017,38.8,12/26/2017,104.84,12/26/2017,267.19
12/27/2017,34.42,12/27/2017,62.33,12/27/2017,38.9,12/27/2017,104.5,12/27/2017,267.32
12/28/2017,34.45,12/28/2017,63.07,12/28/2017,39.21,12/28/2017,102.39,12/28/2017,267.87
12/29/2017,34.31,12/29/2017,62.27,12/29/2017,39.11,12/29/2017,101,12/29/2017,266.86
1/2/2018,34.52,1/2/2018,64.11,1/2/2018,40.14,1/2/2018,105.49,1/2/2018,268.77
1/3/2018,34.78,1/3/2018,63.45,1/3/2018,40.41,1/3/2018,107.75,1/3/2018,270.47
1/4/2018,34.85,1/4/2018,62.92,1/4/2018,40.77,1/4/2018,109.95,1/4/2018,271.61
1/5/2018,34.92,1/5/2018,63.32,1/5/2018,40.74,1/5/2018,110.58,1/5/2018,273.42
1/8/2018,34.53,1/8/2018,67.28,1/8/2018,40.73,1/8/2018,112.35,1/8/2018,273.92
1/9/2018,34.49,1/9/2018,66.74,1/9/2018,40.24,1/9/2018,110.73,1/9/2018,274.54
1/10/2018,34.55,1/10/2018,66.96,1/10/2018,39.16,1/10/2018,111,1/10/2018,274.12
1/11/2018,34.63,1/11/2018,67.59,1/11/2018,39.49,1/11/2018,111.13,1/11/2018,276.12
1/12/2018,34.62,1/12/2018,67.24,1/12/2018,39.74,1/12/2018,112.8,1/12/2018,277.92
1/16/2018,34.67,1/16/2018,68.01,1/16/2018,39.78,1/16/2018,111.92,1/16/2018,276.97
1/17/2018,35.22,1/17/2018,69.43,1/17/2018,39.81,1/17/2018,114.91,1/17/2018,279.61
1/18/2018,35.04,1/18/2018,68.91,1/18/2018,39.72,1/18/2018,114.8,1/18/2018,279.14
1/19/2018,34.99,1/19/2018,70,1/19/2018,39.39,1/19/2018,115.48,1/19/2018,280.41
1/22/2018,34.99,1/22/2018,70.31,1/22/2018,39.64,1/22/2018,119.43,1/22/2018,282.69
1/23/2018,34.88,1/23/2018,70.56,1/23/2018,39.49,1/23/2018,118.69,1/23/2018,283.29
1/24/2018,34.99,1/24/2018,69.18,1/24/2018,39.5,1/24/2018,119.67,1/24/2018,283.18
1/25/2018,35.27,1/25/2018,67.53,1/25/2018,38.62,1/25/2018,124.9,1/25/2018,283.3
1/26/2018,36.96,1/26/2018,68.57,1/26/2018,38.19,1/26/2018,129.07,1/26/2018,286.58
1/29/2018,36.96,1/29/2018,69.91,1/29/2018,37.58,1/29/2018,127.3,1/29/2018,284.68
1/30/2018,35.81,1/30/2018,69.16,1/30/2018,36.81,1/30/2018,124.21,1/30/2018,281.76
1/31/2018,35.09,1/31/2018,70.86,1/31/2018,36.63,1/31/2018,127.92,1/31/2018,281.9
2/1/2018,34.89,2/1/2018,69.85,2/1/2018,35.86,2/1/2018,126.28,2/1/2018,281.58
2/2/2018,34.68,2/2/2018,68.75,2/2/2018,34.7,2/2/2018,125.12,2/2/2018,275.45
2/5/2018,32.84,2/5/2018,66.63,2/5/2018,34.37,2/5/2018,118.3,2/5/2018,263.93
2/6/2018,33.42,2/6/2018,66.79,2/6/2018,35.04,2/6/2018,122.14,2/6/2018,269.13
2/7/2018,33.14,2/7/2018,69,2/7/2018,35.16,2/7/2018,123.34,2/7/2018,267.67
2/8/2018,31.86,2/8/2018,63.05,2/8/2018,34.34,2/8/2018,118.51,2/8/2018,257.63
2/9/2018,32.36,2/9/2018,62.08,2/9/2018,34.02,2/9/2018,119.55,2/9/2018,261.5
2/12/2018,32.83,2/12/2018,63.15,2/12/2018,34.73,2/12/2018,127.94,2/12/2018,265.34
2/13/2018,33.1,2/13/2018,64.73,2/13/2018,35.03,2/13/2018,126.06,2/13/2018,266
2/14/2018,33.34,2/14/2018,64.46,2/14/2018,34.3,2/14/2018,137.56,2/14/2018,269.59
2/15/2018,33.83,2/15/2018,66.81,2/15/2018,34.55,2/15/2018,137.95,2/15/2018,273.03
2/16/2018,34.35,2/16/2018,67.1,2/16/2018,34.27,2/16/2018,137.53,2/16/2018,273.11
2/20/2018,34.11,2/20/2018,66.95,2/20/2018,34.08,2/20/2018,142.78,2/20/2018,271.4
2/21/2018,33.88,2/21/2018,66.66,2/21/2018,34.11,2/21/2018,132.9,2/21/2018,270.05
2/22/2018,33.86,2/22/2018,69.23,2/22/2018,33.48,2/22/2018,134.18,2/22/2018,270.4
2/23/2018,34.35,2/23/2018,70.41,2/23/2018,33.76,2/23/2018,137,2/23/2018,274.71
2/26/2018,35.14,2/26/2018,71.48,2/26/2018,33.92,2/26/2018,136.27,2/26/2018,277.9
2/27/2018,34.86,2/27/2018,70.2,2/27/2018,32.99,2/27/2018,137.66,2/27/2018,274.43
2/28/2018,34.4,2/28/2018,68.61,2/28/2018,31.82,2/28/2018,138.21,2/28/2018,271.65
3/1/2018,33.75,3/1/2018,66.19,3/1/2018,31.81,3/1/2018,136.85,3/1/2018,267.7
3/2/2018,34.06,3/2/2018,67.02,3/2/2018,31.48,3/2/2018,136.75,3/2/2018,269.08
3/5/2018,34.22,3/5/2018,66.67,3/5/2018,31.57,3/5/2018,139.29,3/5/2018,272.19
3/6/2018,33.99,3/6/2018,65.64,3/6/2018,31.77,3/6/2018,141.51,3/6/2018,272.88
3/7/2018,34.04,3/7/2018,66.46,3/7/2018,31.43,3/7/2018,143.68,3/7/2018,272.78
3/8/2018,34.58,3/8/2018,65.82,3/8/2018,31.88,3/8/2018,147.41,3/8/2018,274.1
3/9/2018,34.83,3/9/2018,65.43,3/9/2018,32.01,3/9/2018,149.16,3/9/2018,278.87
3/12/2018,34.68,3/12/2018,69.1,3/12/2018,32.66,3/12/2018,148.15,3/12/2018,278.52
3/13/2018,34.81,3/13/2018,68.37,3/13/2018,32.89,3/13/2018,145.32,3/13/2018,276.72
3/14/2018,34.44,3/14/2018,65.33,3/14/2018,33.09,3/14/2018,146.25,3/14/2018,275.3
3/15/2018,34.65,3/15/2018,65.12,3/15/2018,31.46,3/15/2018,147.41,3/15/2018,275
3/16/2018,34.84,3/16/2018,64.27,3/16/2018,31.54,3/16/2018,147.22,3/16/2018,274.2
3/19/2018,34.42,3/19/2018,62.71,3/19/2018,30.7,3/19/2018,145.62,3/19/2018,270.49
3/20/2018,34.42,3/20/2018,62.11,3/20/2018,29.93,3/20/2018,153.11,3/20/2018,270.95
3/21/2018,34.36,3/21/2018,63.31,3/21/2018,31.13,3/21/2018,149.4,3/21/2018,270.43
3/22/2018,33.73,3/22/2018,61.82,3/22/2018,30.63,3/22/2018,145.45,3/22/2018,263.67
3/23/2018,32.67,3/23/2018,60.31,3/23/2018,29.91,3/23/2018,141.66,3/23/2018,258.05
3/26/2018,33.19,3/26/2018,60.84,3/26/2018,29.95,3/26/2018,136.72,3/26/2018,265.11
3/27/2018,33.17,3/27/2018,55.84,3/27/2018,30.44,3/27/2018,128.82,3/27/2018,260.6
3/28/2018,33.44,3/28/2018,51.56,3/28/2018,30.36,3/28/2018,121.6,3/28/2018,259.83
3/29/2018,33.62,3/29/2018,53.23,3/29/2018,31.47,3/29/2018,124.59,3/29/2018,263.15
4/2/2018,33.2,4/2/2018,50.5,4/2/2018,30.59,4/2/2018,122.08,4/2/2018,257.47
4/3/2018,33.8,4/3/2018,53.51,4/3/2018,30.31,4/3/2018,119.37,4/3/2018,260.77
4/4/2018,34.23,4/4/2018,57.39,4/4/2018,30.89,4/4/2018,120.67,4/4/2018,263.56
4/5/2018,33.85,4/5/2018,61.14,4/5/2018,31.49,4/5/2018,120.14,4/5/2018,265.64
4/6/2018,33.32,4/6/2018,59.86,4/6/2018,31.23,4/6/2018,117.42,4/6/2018,259.72
4/9/2018,33.59,4/9/2018,57.93,4/9/2018,31.62,4/9/2018,118.95,4/9/2018,261
4/10/2018,34.06,4/10/2018,60.94,4/10/2018,32.09,4/10/2018,122.87,4/10/2018,265.15
4/11/2018,33.91,4/11/2018,60.19,4/11/2018,31.9,4/11/2018,119.53,4/11/2018,263.76
4/12/2018,34.41,4/12/2018,58.82,4/12/2018,31.95,4/12/2018,120.75,4/12/2018,265.93
4/13/2018,34.41,4/13/2018,60.07,4/13/2018,32.06,4/13/2018,117.51,4/13/2018,265.15
4/16/2018,34.61,4/16/2018,58.24,4/16/2018,32.59,4/16/2018,116.94,4/16/2018,267.33
4/17/2018,34.42,4/17/2018,58.24,4/17/2018,32.98,4/17/2018,125.96,4/17/2018,270.19
4/18/2018,34.57,4/18/2018,58.67,4/18/2018,33.1,4/18/2018,127.56,4/18/2018,270.39
4/19/2018,34.61,4/19/2018,60.02,4/19/2018,31.98,4/19/2018,126.67,4/19/2018,268.89
4/20/2018,34.7,4/20/2018,58.05,4/20/2018,31.21,4/20/2018,126.79,4/20/2018,266.61
4/23/2018,34.86,4/23/2018,56.67,4/23/2018,31.01,4/23/2018,122.91,4/23/2018,266.57
4/24/2018,35.11,4/24/2018,56.69,4/24/2018,29.39,4/24/2018,123.14,4/24/2018,262.98
4/25/2018,34.75,4/25/2018,56.14,4/25/2018,29.27,4/25/2018,120.02,4/25/2018,263.63
4/26/2018,34.91,4/26/2018,57.1,4/26/2018,29.42,4/26/2018,124.15,4/26/2018,266.31
4/27/2018,35.05,4/27/2018,58.82,4/27/2018,29.8,4/27/2018,126.62,4/27/2018,266.56
4/30/2018,34.68,4/30/2018,58.78,4/30/2018,30.27,4/30/2018,133.63,4/30/2018,264.51